Name,Photo,Address,Area
John Doe, https://drive.google.com/file/d/1IvsmqH1V6uRvQ71nPM8vRs0kLQu3A4IN/view?usp=sharing,Address,Vazhuthakad
pbestech, https://drive.google.com/file/d/1IvsmqH1V6uRvQ71nPM8vRs0kLQu3A4IN/view?usp=sharing,Address,Poojapura
,https://drive.google.com/file/d/1IvsmqH1V6uRvQ71nPM8vRs0kLQu3A4IN/view?usp=sharing,Address,Palayam
, https://drive.google.com/file/d/1IvsmqH1V6uRvQ71nPM8vRs0kLQu3A4IN/view?usp=sharing,Address,Kollam
Ryo Hanamига, https://drive.google.com/file/d/1IvsmqH1V6uRvQ71nPM8vRs0kLQu3A4IN/view?usp=sharing,Address,Kollam
John Doe, https://drive.google.com/file/d/1IvsmqH1V6uRvQ71nPM8vRs0kLQu3A4IN/view?usp=sharing,Address,Vazhuthakad
pbestech, https://drive.google.com/file/d/1IvsmqH1V6uRvQ71nPM8vRs0kLQu3A4IN/view?usp=sharing,Address,Poojapura
Voldermor5,https://drive.google.com/file/d/1IvsmqH1V6uRvQ71nPM8vRs0kLQu3A4IN/view?usp=sharing,Address,Palayam
Joe Biden, https://drive.google.com/file/d/1IvsmqH1V6uRvQ71nPM8vRs0kLQu3A4IN/view?usp=sharing,Address,Kollam
Ryo Hanamига, https://drive.google.com/file/d/1IvsmqH1V6uRvQ71nPM8vRs0kLQu3A4IN/view?usp=sharing,Address,Kollam
John Doe, https://drive.google.com/file/d/1IvsmqH1V6uRvQ71nPM8vRs0kLQu3A4IN/view?usp=sharing,Address,Vazhuthakad
pbestech, https://drive.google.com/file/d/1IvsmqH1V6uRvQ71nPM8vRs0kLQu3A4IN/view?usp=sharing,Address,Poojapura
Voldermor5,https://drive.google.com/file/d/1IvsmqH1V6uRvQ71nPM8vRs0kLQu3A4IN/view?usp=sharing,Address,Palayam
Joe Biden, https://drive.google.com/file/d/1IvsmqH1V6uRvQ71nPM8vRs0kLQu3A4IN/view?usp=sharing,Address,Kollam
Ryo Hanamига, https://drive.google.com/file/d/1IvsmqH1V6uRvQ71nPM8vRs0kLQu3A4IN/view?usp=sharing,Address,Kollam
John Doe, https://drive.google.com/file/d/1IvsmqH1V6uRvQ71nPM8vRs0kLQu3A4IN/view?usp=sharing,Address,Vazhuthakad
pbestech, https://drive.google.com/file/d/1IvsmqH1V6uRvQ71nPM8vRs0kLQu3A4IN/view?usp=sharing,Address,Poojapura
Voldermor5,https://drive.google.com/file/d/1IvsmqH1V6uRvQ71nPM8vRs0kLQu3A4IN/view?usp=sharing,Address,Palayam
Joe Biden, https://drive.google.com/file/d/1IvsmqH1V6uRvQ71nPM8vRs0kLQu3A4IN/view?usp=sharing,Address,Kollam
Ryo Hanamига, https://drive.google.com/file/d/1IvsmqH1V6uRvQ71nPM8vRs0kLQu3A4IN/view?usp=sharing,Address,Kollam
Ryo Hanamига, https://drive.google.com/file/d/1IvsmqH1V6uRvQ71nPM8vRs0kLQu3A4IN/view?usp=sharing,Address,Kollam
John Doe, https://drive.google.com/file/d/1IvsmqH1V6uRvQ71nPM8vRs0kLQu3A4IN/view?usp=sharing,Address,Vazhuthakad
pbestech, https://drive.google.com/file/d/1IvsmqH1V6uRvQ71nPM8vRs0kLQu3A4IN/view?usp=sharing,Address,Poojapura
Voldermor5,https://drive.google.com/file/d/1IvsmqH1V6uRvQ71nPM8vRs0kLQu3A4IN/view?usp=sharing,Address,Palayam
Joe Biden, https://drive.google.com/file/d/1IvsmqH1V6uRvQ71nPM8vRs0kLQu3A4IN/view?usp=sharing,Address,Kollam
Ryo Hanamига, https://drive.google.com/file/d/1IvsmqH1V6uRvQ71nPM8vRs0kLQu3A4IN/view?usp=sharing,Address,Kollam
Ryo Hanamига, https://drive.google.com/file/d/1IvsmqH1V6uRvQ71nPM8vRs0kLQu3A4IN/view?usp=sharing,Address,Kollam
John Doe, https://drive.google.com/file/d/1IvsmqH1V6uRvQ71nPM8vRs0kLQu3A4IN/view?usp=sharing,Address,Vazhuthakad
pbestech, https://drive.google.com/file/d/1IvsmqH1V6uRvQ71nPM8vRs0kLQu3A4IN/view?usp=sharing,Address,Poojapura
Voldermor5,https://drive.google.com/file/d/1IvsmqH1V6uRvQ71nPM8vRs0kLQu3A4IN/view?usp=sharing,Address,Palayam
Joe Biden, https://drive.google.com/file/d/1IvsmqH1V6uRvQ71nPM8vRs0kLQu3A4IN/view?usp=sharing,Address,Kollam
Ryo Hanamига, https://drive.google.com/file/d/1IvsmqH1V6uRvQ71nPM8vRs0kLQu3A4IN/view?usp=sharing,Address,Kollam